ID,First Name,Last Name,Username,Email,Avatar,Gender,DoB,Address
4155,Arnold,McKenzie,arnold.mckenzie,arnold.mckenzie@email.com,https://robohash.org/quirepellataperiam.png?size=300x300&set=set1,Polygender,1986-03-21,O'Reillychester,West Virginia,48091-6399
8914,August,O'Connell,august.o'connell,august.o'connell@email.com,https://robohash.org/iustonihilenim.png?size=300x300&set=set1,Agender,1974-07-29,South Devin,Iowa,77019
5150,Delmar,Kuhn,delmar.kuhn,delmar.kuhn@email.com,https://robohash.org/utvitaenisi.png?size=300x300&set=set1,Polygender,1959-04-03,North Lolashire,Maine,40162
8607,Gabriel,Haley,gabriel.haley,gabriel.haley@email.com,https://robohash.org/remsuntnam.png?size=300x300&set=set1,Bigender,1972-06-27,North Ta,North Carolina,51596-9848
9230,Jan,McLaughlin,jan.mclaughlin,jan.mclaughlin@email.com,https://robohash.org/molestiaemodiqui.png?size=300x300&set=set1,Genderqueer,2000-02-17,New Lynwood,Connecticut,24586
9095,Jason,Wuckert,jason.wuckert,jason.wuckert@email.com,https://robohash.org/dolorestminima.png?size=300x300&set=set1,Polygender,1994-09-16,Port Karl,Idaho,56599-1495
899,Joannie,Lowe,joannie.lowe,joannie.lowe@email.com,https://robohash.org/totamrepudiandaetemporibus.png?size=300x300&set=set1,Male,1995-04-15,Breannamouth,North Dakota,22409
5443,Lino,Reinger,lino.reinger,lino.reinger@email.com,https://robohash.org/sequivoluptasveritatis.png?size=300x300&set=set1,Male,1962-01-31,Jeffryborough,Utah,29553
5489,Marshall,Nikolaus,marshall.nikolaus,marshall.nikolaus@email.com,https://robohash.org/explicaboaperiameum.png?size=300x300&set=set1,Non-binary,1987-12-25,Lake Shaneburgh,Washington,47919-4339
4815,Matthew,Schultz,matthew.schultz,matthew.schultz@email.com,https://robohash.org/assumendaoptioatque.png?size=300x300&set=set1,Genderfluid,1962-06-01,West Salvatoreville,Nebraska,63993-2194
1060,Melony,Botsford,melony.botsford,melony.botsford@email.com,https://robohash.org/etautrepudiandae.png?size=300x300&set=set1,Non-binary,1980-12-09,Goldnerland,Florida,90101
6274,Pilar,Pfeffer,pilar.pfeffer,pilar.pfeffer@email.com,https://robohash.org/ipsaoptiomodi.png?size=300x300&set=set1,Genderfluid,1996-09-11,Lake Teodora,Kentucky,32827-3412
1515,Rolf,Renner,rolf.renner,rolf.renner@email.com,https://robohash.org/consequunturpossimusvelit.png?size=300x300&set=set1,Genderqueer,1982-08-07,Rosaliefurt,Indiana,26594-5646
4151,Sidney,Tremblay,sidney.tremblay,sidney.tremblay@email.com,https://robohash.org/sitremut.png?size=300x300&set=set1,Female,1986-08-19,Herbertmouth,Maryland,35655
